date,sentiment_score
2018-08-21,0.3818
2018-08-23,-0.1027
2018-08-28,0.5719
2018-09-06,0.0
2018-09-12,0.0
2018-09-13,0.0
2018-09-19,0.0
2018-09-23,0.296
2018-09-24,0.0
2018-09-27,0.0
2018-09-30,0.296
2018-10-11,0.0
2018-10-14,0.296
2018-10-23,0.0
2018-10-24,0.0
2018-10-28,0.0
2018-10-29,0.2023
2018-10-31,0.0
2018-11-11,0.0
2018-11-12,0.5574
2018-11-13,0.0
2018-11-15,-0.4019
2018-11-19,0.0
2018-11-21,0.2023
2018-11-22,0.765
2018-11-29,0.5859
2018-12-10,0.25
2018-12-20,0.4939
2018-12-25,0.0
2018-12-26,0.0
2019-01-01,0.0
2019-01-06,0.296
2019-01-07,-0.3818
2019-01-13,0.0
2019-01-14,0.0
2019-01-23,0.6597
2019-01-27,0.0
2019-01-28,-0.1531
2019-01-31,0.0
2019-02-05,0.296
2019-02-10,0.296
2019-02-12,0.0
2019-02-13,0.0
2019-02-14,0.7096
2019-02-19,0.296
2019-02-21,0.0
2019-02-25,0.0
2019-02-27,-0.25
2019-03-08,-0.3818
2019-03-10,0.0129
2019-03-11,0.08895
2019-03-12,0.0
2019-03-14,0.6808
2019-03-15,0.0
2019-03-19,0.273
2019-03-20,0.0
2019-03-21,0.66885
2019-03-22,0.5606
2019-03-23,0.891
2019-03-25,0.32735
2019-03-26,0.5543
2019-03-29,0.7269
2019-04-01,0.0
2019-04-03,0.41000000000000003
2019-04-05,0.296
2019-04-06,0.0
2019-04-08,0.0
2019-04-13,0.5106
2019-04-15,0.0
2019-04-17,-0.4215
2019-04-22,0.0
2019-04-23,0.0129
2019-04-24,0.4763
2019-04-25,-0.2732
2019-04-26,0.5423
2019-05-01,-0.3182
2019-05-05,0.5859
2019-05-06,0.0
2019-05-08,0.20095
2019-05-09,0.0
2019-05-10,0.34
2019-05-11,0.0
2019-05-13,-0.3342
2019-05-14,0.0
2019-05-15,0.0
2019-05-16,0.0
2019-05-17,0.0
2019-05-18,-0.4215
2019-05-20,0.0
2019-05-21,0.0
2019-05-22,0.0129
2019-05-23,-0.14579999999999999
2019-05-24,-0.0516
2019-05-27,0.0
2019-05-28,0.0
2019-05-29,0.17515
2019-05-30,-0.7184
2019-05-31,-0.6808
2019-06-01,0.2263
2019-06-03,-0.2235
2019-06-04,-0.10959999999999999
2019-06-05,0.30915000000000004
2019-06-06,-0.2732
2019-06-07,-0.3504
2019-06-09,0.0
2019-06-10,-0.064
2019-06-11,0.0
2019-06-12,0.802
2019-06-13,-0.2997
2019-06-14,0.0
2019-06-15,0.0
2019-06-17,0.5134
2019-06-18,0.2732
2019-06-19,0.296
2019-06-20,-0.00605
2019-06-21,-0.4767
2019-06-25,0.2997
2019-06-26,0.3818
2019-06-27,0.4939
2019-06-28,0.4989
2019-07-01,0.25
2019-07-02,0.24695
2019-07-03,0.6124
2019-07-05,0.0
2019-07-06,0.0
2019-07-08,-0.03484999999999999
2019-07-09,-0.128
2019-07-10,0.4404
2019-07-11,-0.43035
2019-07-12,0.25
2019-07-15,0.5307999999999999
2019-07-16,0.4404
2019-07-17,-0.0258
2019-07-18,0.743
2019-07-19,0.32985
2019-07-22,0.0
2019-07-23,0.07715
2019-07-24,0.7003
2019-07-25,0.4215
2019-07-26,0.5719
2019-07-29,-0.32985
2019-07-30,0.1531
2019-07-31,0.7096
2019-08-03,0.4767
2019-08-04,0.0
2019-08-05,0.6486
2019-08-07,0.0
2019-08-08,0.0
2019-08-09,0.7269
2019-08-11,0.3389
2019-08-12,0.0
2019-08-13,0.3715
2019-08-14,0.0
2019-08-15,0.296
2019-08-16,0.296
2019-08-19,0.0129
2019-08-20,0.4496
2019-08-21,0.7184
2019-08-22,0.0
2019-08-23,0.296
2019-08-24,0.3612
2019-08-26,0.0
2019-08-27,0.0
2019-08-28,-0.9451
2019-08-29,0.0
2019-08-30,0.27155
2019-09-03,-0.128
2019-09-04,0.5267
2019-09-05,0.0
2019-09-06,0.4767
2019-09-09,-0.25
2019-09-10,0.25
2019-09-11,0.32749999999999996
2019-09-12,0.4215
2019-09-13,-0.051000000000000045
2019-09-14,0.0
2019-09-17,0.0
2019-09-18,0.6908
2019-09-19,0.0
2019-09-20,-0.5719
2019-09-23,0.5700999999999999
2019-09-24,0.0
2019-09-25,0.0
2019-09-26,0.0
2019-09-27,0.5719
2019-09-28,0.4019
2019-09-30,0.5267
2019-10-01,0.17
2019-10-02,0.7044
2019-10-03,0.5423
2019-10-04,0.28175
2019-10-07,0.4588
2019-10-08,0.45045
2019-10-09,0.4939
2019-10-10,0.064
2019-10-11,-0.3182
2019-10-12,0.0
2019-10-13,0.7351
2019-10-14,-0.189
2019-10-15,0.4767
2019-10-16,0.36819999999999997
2019-10-17,0.5423
2019-10-18,0.5267
2019-10-21,0.2787
2019-10-22,0.5106
2019-10-23,0.3275
2019-10-24,-0.09509999999999999
2019-10-25,0.5423
2019-10-28,0.15610000000000002
2019-10-29,0.6917
2019-10-30,0.5267
2019-10-31,0.4939
2019-11-02,0.6705
2019-11-04,0.0
2019-11-05,0.4019
2019-11-06,0.0258
2019-11-07,0.40775
2019-11-08,0.5994
2019-11-10,0.148
2019-11-11,0.1027
2019-11-12,0.0
2019-11-13,0.4939
2019-11-14,0.0
2019-11-15,0.0386
2019-11-16,0.4404
2019-11-17,0.3182
2019-11-18,0.0
2019-11-19,0.0129
2019-11-20,-0.4939
2019-11-21,0.46429999999999993
2019-11-22,0.3182
2019-11-25,0.4019
2019-11-26,0.296
2019-11-27,0.765
2019-11-30,0.34
2019-12-02,-0.0506
2019-12-03,0.2732
2019-12-04,0.3592
2019-12-05,0.0772
2019-12-06,0.128
2019-12-08,0.4215
2019-12-09,0.3182
2019-12-10,0.36345
2019-12-11,0.4588
2019-12-12,-0.05560000000000001
2019-12-13,0.0386
2019-12-14,0.0
2019-12-15,0.296
2019-12-16,0.654
2019-12-17,0.32835000000000003
2019-12-18,0.4019
2019-12-19,0.4404
2019-12-20,0.68485
2019-12-21,0.296
2019-12-23,0.4404
2019-12-24,0.0516
2019-12-26,0.46715
2019-12-27,0.0
2019-12-30,0.26335
2019-12-31,0.27115
2020-01-01,0.743
2020-01-02,0.0
2020-01-03,0.0
2020-01-04,0.0
2020-01-05,0.8591
2020-01-06,0.1779
2020-01-07,0.3902
2020-01-08,0.5106
2020-01-09,0.20095
2020-01-10,0.2202
2020-01-11,0.4767
2020-01-13,0.3818
2020-01-14,0.3982
2020-01-15,0.0
2020-01-16,0.296
2020-01-17,0.296
2020-01-18,0.17045000000000002
2020-01-21,0.1806
2020-01-22,0.0
2020-01-24,0.7184
2020-01-27,0.5574
2020-01-28,0.802
2020-01-29,-0.3818
2020-01-30,0.27115
2020-01-31,0.0
2020-02-04,0.0
2020-02-05,0.3612
2020-02-06,0.0
2020-02-07,0.0
2020-02-09,0.1591
2020-02-10,0.25
2020-02-11,0.5698
2020-02-12,0.0
2020-02-13,0.10115
2020-02-14,0.69555
2020-02-18,0.2023
2020-02-19,0.148
2020-02-20,0.5423
2020-02-21,0.2023
2020-02-23,0.6705
2020-02-24,0.2202
2020-02-25,0.0
2020-02-26,0.40164999999999995
2020-02-27,-0.6808
2020-02-28,0.09509999999999999
2020-03-01,0.0
2020-03-02,0.34
2020-03-03,0.296
2020-03-04,0.5122
2020-03-05,0.8176
2020-03-06,0.7275
2020-03-10,0.2997
2020-03-11,0.0
2020-03-12,-0.5106
2020-03-13,0.2263
2020-03-14,0.21075
2020-03-15,-0.148
2020-03-16,0.31720000000000004
2020-03-17,0.0772
2020-03-18,-0.5059
2020-03-19,0.2596
2020-03-20,0.36345
2020-03-23,0.50415
2020-03-24,0.0
2020-03-25,0.37929999999999997
2020-03-26,-0.064
2020-03-27,0.4939
2020-03-28,0.3404
2020-03-30,0.0
2020-03-31,0.4019
2020-04-01,0.5420499999999999
2020-04-02,0.45424999999999993
2020-04-03,0.0
2020-04-06,-0.3243
2020-04-07,-0.4215
2020-04-08,0.6367499999999999
2020-04-09,-0.6597
2020-04-13,-0.36755
2020-04-14,0.5423
2020-04-15,0.0
2020-04-16,0.3389
2020-04-17,0.6705
2020-04-18,0.1779
2020-04-19,-0.34
2020-04-20,-0.2732
2020-04-21,0.0
2020-04-22,0.2553
2020-04-23,0.7783
2020-04-24,0.3182
2020-04-25,-0.04049999999999998
2020-04-26,0.1027
2020-04-27,0.25
2020-04-28,0.0
2020-04-29,0.6908
2020-04-30,0.3818
2020-05-01,-0.125
2020-05-04,0.0
2020-05-05,0.0
2020-05-06,0.4144
2020-05-08,0.148
2020-05-09,0.0
2020-05-11,0.0
2020-05-12,0.148
2020-05-13,0.0
2020-05-14,0.0
2020-05-15,0.3645
2020-05-17,0.0
2020-05-18,0.296
2020-05-19,0.0
2020-05-20,0.20095
2020-05-21,0.0
2020-05-22,0.0
2020-05-23,0.0
2020-05-24,0.5719
2020-05-26,0.14925
2020-05-27,0.10115
2020-05-28,0.0
2020-05-29,0.4559
2020-05-30,0.35015
2020-05-31,0.4588
2020-06-01,0.29295
2020-06-02,0.0
2020-06-03,0.5574
2020-06-04,0.4667
2020-06-05,0.0
2020-06-06,0.296
2020-06-08,0.6486
2020-06-09,0.6597
2020-06-10,0.48845000000000005
2020-06-11,0.4404
2020-06-12,0.5106
2020-06-13,-0.2023
2020-06-14,0.3182
2020-06-15,0.125
2020-06-16,0.4404
2020-06-17,0.5994
2020-06-18,0.101
2020-06-19,0.34
2020-06-20,0.0
2020-06-22,0.733
2020-06-23,0.44394999999999996
2020-06-24,0.4588
2020-06-25,0.148
2020-06-26,0.4215
2020-06-28,0.0
2020-06-29,0.1026
2020-06-30,0.5420499999999999
2020-07-01,0.0
2020-07-02,0.4491
2020-07-04,0.0
2020-07-05,0.4404
2020-07-06,0.4404
2020-07-07,0.0258
2020-07-08,0.05135
2020-07-09,0.4767
2020-07-10,0.4939
2020-07-12,0.5574
2020-07-13,0.4019
2020-07-14,0.4404
2020-07-15,0.2787
2020-07-17,0.24695
2020-07-19,0.2732
2020-07-20,0.0
2020-07-21,0.4019
2020-07-22,0.0
2020-07-23,0.0
2020-07-24,-0.1779
2020-07-26,0.2263
2020-07-27,0.0
2020-07-28,0.63335
2020-07-29,0.0
2020-07-30,0.1591
2020-07-31,0.0701
2020-08-01,0.0
2020-08-02,0.4215
2020-08-03,0.64425
2020-08-04,0.2732
2020-08-05,0.2294
2020-08-06,0.3818
2020-08-07,-0.1591
2020-08-10,0.0
2020-08-11,0.20095
2020-08-12,0.1366
2020-08-13,0.34895
2020-08-14,0.5609
2020-08-15,0.0
2020-08-16,0.0
2020-08-17,0.39135
2020-08-18,0.0
2020-08-19,0.296
2020-08-20,0.10115
2020-08-21,0.0
2020-08-22,0.3818
2020-08-23,0.0
2020-08-24,0.3389
2020-08-25,0.20095
2020-08-26,0.5095000000000001
2020-08-27,0.6597
2020-08-28,0.0485
2020-08-29,0.7845
2020-08-30,0.41915
2020-08-31,0.2202
2020-09-01,0.1591
2020-09-02,0.0
2020-09-03,0.08895
2020-09-04,0.2899
2020-09-08,0.1908
2020-09-09,0.3612
2020-09-10,0.0
2020-09-11,0.4023
2020-09-12,0.2732
2020-09-13,0.3612
2020-09-14,0.0
2020-09-15,0.11315
2020-09-16,0.5264
2020-09-17,0.128
2020-09-18,0.43445
2020-09-29,0.4767
2020-10-05,0.0
2020-10-06,0.3612
2020-10-07,0.1366
2020-10-08,0.0
2020-10-09,0.0
2020-10-10,0.2294
2020-10-11,0.0
2020-10-12,0.3803
2020-10-13,0.5267
2020-10-14,0.4019
2020-10-15,0.0
2020-10-16,0.0
2020-10-17,0.0
2020-10-19,0.2023
2020-10-20,0.35015
2020-10-21,0.29969999999999997
2020-10-22,0.08895
2020-10-23,0.25
2020-10-25,0.0
2020-10-26,0.6834
2020-10-27,0.0
2020-10-28,0.0
2020-10-29,0.3182
2020-10-30,0.0
2020-11-02,0.34
2020-11-03,0.14215000000000003
2020-11-04,0.0
2020-11-05,0.3902
2020-11-06,0.0772
2020-11-09,0.0
2020-11-10,-0.24585
2020-11-11,-0.0516
2020-11-13,0.18725
2020-11-15,0.0
2020-11-16,0.0
2020-11-17,0.0258
2020-11-18,0.0
2020-11-19,0.26115
2020-11-20,0.3182
2020-11-21,-0.0516
2020-11-22,0.0
2020-11-23,0.5836
2020-11-25,0.0624
2020-11-27,0.9042
2020-11-28,0.7506
2020-11-29,0.6249
2020-11-30,0.4588
2020-12-01,0.3412
2020-12-02,0.4404
2020-12-03,0.0
2020-12-04,0.24695
2020-12-06,0.6486
2020-12-07,0.0516
2020-12-08,0.48945
2020-12-09,0.35229999999999995
2020-12-10,-0.11535000000000001
2020-12-11,0.44794999999999996
2020-12-13,0.7269
2020-12-14,0.3803
2020-12-15,0.4432
2020-12-16,-0.1531
2020-12-17,0.4158
2020-12-18,0.0
2020-12-19,0.2235
2020-12-20,0.2732
2020-12-21,0.5106
2020-12-22,0.3818
2020-12-23,0.28315
2020-12-24,0.0
2020-12-26,0.4404
2020-12-28,0.4312
2020-12-29,0.0
2020-12-30,0.5931500000000001
2020-12-31,0.46655
2021-01-01,0.0
2021-01-04,0.3825
2021-01-05,0.3818
2021-01-06,0.3359
2021-01-07,0.0772
2021-01-08,0.0
2021-01-09,0.0
2021-01-11,0.2023
2021-01-12,0.10115
2021-01-13,0.13695
2021-01-14,0.0
2021-01-15,0.7783
2021-01-16,-0.125
2021-01-17,0.2023
2021-01-18,0.4404
2021-01-19,0.11534999999999998
2021-01-20,0.6908
2021-01-21,0.5267
2021-01-22,0.4404
2021-01-23,0.58345
2021-01-25,0.064
2021-01-26,0.5594
2021-01-28,0.0
2021-01-29,0.4417
2021-01-30,0.8638
2021-02-01,0.4453
2021-02-02,0.46715
2021-02-03,0.0
2021-02-04,0.0
2021-02-05,0.0
2021-02-06,0.3182
2021-02-07,0.6085499999999999
2021-02-09,0.23835
2021-02-10,0.3182
2021-02-11,0.1779
2021-02-12,0.5682
2021-02-13,0.0
2021-02-14,0.5267
2021-02-16,-0.0129
2021-02-17,0.0
2021-02-18,0.0
2021-02-19,0.5106
2021-02-21,0.4404
2021-02-22,0.0
2021-02-23,0.23835
2021-02-24,0.0
2021-02-25,0.1779
2021-02-26,-0.1591
2021-02-28,0.5423
2021-03-01,0.2202
2021-03-02,0.3673
2021-03-03,0.0
2021-03-04,0.4767
2021-03-05,0.5563
2021-03-06,0.0
2021-03-08,-0.8481
2021-03-09,0.50615
2021-03-10,0.3397
2021-03-11,0.4019
2021-03-12,0.23465
2021-03-13,0.0
2021-03-14,0.35645000000000004
2021-03-15,0.7003
2021-03-16,-0.2073
2021-03-17,-0.04425
2021-03-18,0.8591
2021-03-22,0.1779
2021-03-23,0.4019
2021-03-24,-0.25
2021-03-25,0.2263
2021-03-26,-0.5106
2021-03-27,0.6597
2021-03-28,0.5994
2021-03-29,0.17
2021-03-31,0.148
2021-04-01,0.3871
2021-04-02,0.6908
2021-04-05,0.25
2021-04-06,0.48245000000000005
2021-04-07,0.3818
2021-04-09,0.296
2021-04-10,0.7096
2021-04-11,0.0
2021-04-12,0.064
2021-04-13,0.0
2021-04-14,0.0
2021-04-15,0.4019
2021-04-16,0.46605
2021-04-17,0.21075
2021-04-18,0.10115
2021-04-19,0.34
2021-04-20,0.4404
2021-04-21,0.2202
2021-04-22,0.7644500000000001
2021-04-23,0.7964
2021-04-24,0.0
2021-04-25,0.3612
2021-04-26,0.4939
2021-04-27,0.6597
2021-04-28,0.4215
2021-04-29,0.5971500000000001
2021-04-30,0.0
2021-05-01,0.6597
2021-05-03,-0.2294
2021-05-04,0.6145
2021-05-05,0.0129
2021-05-06,0.0
2021-05-07,0.5719
2021-05-09,0.3818
2021-05-10,-0.296
2021-05-11,0.5719
2021-05-13,0.4215
2021-05-14,0.6597
2021-05-16,0.34
2021-05-17,0.0
2021-05-18,0.0772
2021-05-19,-0.1531
2021-05-20,0.148
2021-05-21,0.296
2021-05-22,0.34
2021-05-23,0.0
2021-05-24,0.0
2021-05-25,0.25229999999999997
2021-05-26,0.07655
2021-05-27,0.47119999999999995
2021-05-28,0.4404
2021-05-29,0.2202
2021-05-30,0.3818
2021-05-31,0.6249
2021-06-01,0.0
2021-06-02,0.3389
2021-06-03,0.4019
2021-06-04,0.2263
2021-06-05,0.2263
2021-06-06,0.5574
2021-06-07,0.34
2021-06-08,0.4404
2021-06-09,0.234
2021-06-10,0.4019
2021-06-11,0.3182
2021-06-12,0.0
2021-06-14,0.0
2021-06-15,0.46605
2021-06-16,0.2553
2021-06-17,0.3182
2021-06-18,0.5267
2021-06-19,-0.26335
2021-06-21,0.4215
2021-06-22,-0.1366
2021-06-23,0.6249
2021-06-24,0.2997
2021-06-25,0.125
2021-06-26,0.3382
2021-06-28,0.41169999999999995
2021-06-29,0.1591
2021-06-30,0.2263
2021-07-01,0.61155
2021-07-02,0.5106
2021-07-03,0.4588
2021-07-05,0.0
2021-07-06,0.3723
2021-07-07,0.4215
2021-07-08,0.31245
2021-07-09,0.0
2021-07-10,0.20095
2021-07-11,0.6808
2021-07-13,0.23835
2021-07-14,0.5466500000000001
2021-07-15,0.0
2021-07-16,0.5748
2021-07-17,0.5267
2021-07-18,0.62965
2021-07-19,0.1026
2021-07-20,0.3768
2021-07-21,0.0
2021-07-22,-0.11315
2021-07-23,-0.2716
2021-07-24,0.0
2021-07-25,0.2294
2021-07-26,0.2263
2021-07-27,-0.17519999999999997
2021-07-28,-0.07655
2021-07-29,-0.28459999999999996
2021-07-30,0.959
2021-07-31,0.5423
2021-08-01,0.0
2021-08-02,0.6124
2021-08-03,0.23954999999999999
2021-08-04,0.0
2021-08-05,0.6249
2021-08-06,0.34
2021-08-07,0.4404
2021-08-09,0.886
2021-08-10,0.5261499999999999
2021-08-11,0.0
2021-08-12,0.657
2021-08-13,0.62595
2021-08-14,0.296
2021-08-15,0.128
2021-08-16,0.5267
2021-08-17,0.41169999999999995
2021-08-18,0.0129
2021-08-19,0.3715
2021-08-20,0.2732
2021-08-21,0.3548
2021-08-22,0.1609
2021-08-23,0.48324999999999996
2021-08-24,0.2263
2021-08-25,0.296
2021-08-26,0.0
2021-08-27,0.4588
2021-08-28,0.0
2021-08-29,0.3612
2021-08-30,0.5719
2021-08-31,0.48030000000000006
2021-09-01,0.5922499999999999
2021-09-02,-0.3412
2021-09-03,0.0
2021-09-04,0.296
2021-09-05,0.1366
2021-09-06,0.34
2021-09-07,0.3612
2021-09-08,0.3568
2021-09-09,0.7906
2021-09-10,0.28595
2021-09-12,-0.2023
2021-09-13,0.0
2021-09-14,0.4869
2021-09-15,0.4477
2021-09-16,0.872
2021-09-17,0.0
2021-09-18,0.148
2021-09-19,0.60025
2021-09-20,0.56465
2021-09-21,0.3071
2021-09-22,-0.021199999999999997
2021-09-23,0.1531
2021-09-24,0.0
2021-09-26,-0.1366
2021-09-27,0.50935
2021-09-28,0.58865
2021-09-29,0.0
2021-09-30,0.0
2021-10-01,0.0
2021-10-02,0.3818
2021-10-03,0.4477
2021-10-04,0.3818
2021-10-05,0.09555
2021-10-06,0.3818
2021-10-07,0.872
2021-10-08,0.6234999999999999
2021-10-09,0.0
2021-10-11,0.2023
2021-10-12,0.0129
2021-10-13,0.3818
2021-10-14,0.4939
2021-10-15,0.23835
2021-10-16,0.7579
2021-10-18,0.0
2021-10-19,0.4939
2021-10-20,0.8442
2021-10-21,0.0
2021-10-22,0.4819
2021-10-23,0.7003
2021-10-25,0.0
2021-10-26,0.23075
2021-10-27,0.0
2021-10-28,0.46295
2021-10-29,-0.2732
2021-10-30,0.0
2021-11-01,0.5106
2021-11-02,0.148
2021-11-03,0.0
2021-11-04,0.3265
2021-11-05,0.2023
2021-11-06,0.3818
2021-11-07,0.5423
2021-11-08,0.25
2021-11-09,0.296
2021-11-10,0.296
2021-11-11,0.5574
2021-11-12,0.4767
2021-11-13,0.318
2021-11-14,0.0
2021-11-15,0.5264
2021-11-16,0.2086
2021-11-17,0.2263
2021-11-18,0.296
2021-11-19,0.0
2021-11-20,0.743
2021-11-21,0.51045
2021-11-22,0.0
2021-11-23,0.0
2021-11-24,0.128
2021-11-26,0.4019
2021-11-27,0.3454
2021-11-28,0.2732
2021-11-29,0.33335000000000004
2021-11-30,0.3818
2021-12-01,0.1366
2021-12-02,0.0
2021-12-03,0.21395
2021-12-04,0.0
2021-12-05,0.8225
2021-12-06,0.2467
2021-12-07,0.0
2021-12-08,0.08895
2021-12-09,0.0
2021-12-10,0.4496
2021-12-11,0.40164999999999995
2021-12-12,0.30265
2021-12-13,0.4215
2021-12-14,0.6249
2021-12-15,0.0
2021-12-16,0.20155
2021-12-17,0.3111
2021-12-18,0.0
2021-12-19,0.034400000000000014
2021-12-20,0.48355
2021-12-21,0.39435
2021-12-22,0.0
2021-12-23,0.4767
2021-12-24,0.6486
2021-12-27,0.296
2021-12-28,0.4939
2021-12-29,0.0772
2021-12-30,0.3404
2021-12-31,0.4404
2022-01-01,-0.012749999999999984
2022-01-02,0.1779
2022-01-03,0.296
2022-01-04,0.5106
2022-01-05,0.0
2022-01-06,0.1779
2022-01-07,0.5267
2022-01-08,-0.3066
2022-01-09,0.5859
2022-01-10,0.0
2022-01-11,0.4404
2022-01-12,0.2263
2022-01-13,0.6854
2022-01-14,0.57675
2022-01-15,0.83325
2022-01-16,0.4404
2022-01-17,0.0
2022-01-18,0.0
2022-01-19,0.51735
2022-01-20,0.0
2022-01-21,0.0
2022-01-22,0.6808
2022-01-23,0.3612
2022-01-24,0.0
2022-01-25,-0.1366
2022-01-26,0.2732
2022-01-27,0.5423
2022-01-28,0.36819999999999997
2022-01-29,0.1366
2022-01-30,0.7351
2022-01-31,0.5022500000000001
2022-02-01,0.1591
2022-02-02,0.34
2022-02-03,-0.064
2022-02-04,0.0
2022-02-05,0.2263
2022-02-07,0.128
2022-02-08,0.0
2022-02-09,0.3609
2022-02-10,0.0
2022-02-11,0.0
2022-02-12,0.28595
2022-02-13,0.17
2022-02-14,0.128
2022-02-15,0.4019
2022-02-16,0.25
2022-02-17,0.0
2022-02-18,0.33185000000000003
2022-02-21,0.0
2022-02-22,0.0
2022-02-23,0.0
2022-02-24,0.4939
2022-02-25,0.0
2022-02-26,0.40080000000000005
2022-02-27,0.03715
2022-02-28,0.4404
2022-03-01,-0.8402
2022-03-02,0.1531
2022-03-03,0.1909
2022-03-04,-0.0191
2022-03-05,-0.3818
2022-03-06,0.1124
2022-03-07,0.44025000000000003
2022-03-08,0.172
2022-03-09,0.20095
2022-03-10,0.0
2022-03-11,0.2263
2022-03-12,0.4588
2022-03-13,0.5574
2022-03-14,0.042899999999999994
2022-03-15,0.40080000000000005
2022-03-16,0.0258
2022-03-17,0.0
2022-03-18,0.4404
2022-03-19,0.0
2022-03-20,-0.3612
2022-03-21,0.27695000000000003
2022-03-22,0.5328999999999999
2022-03-23,0.3167
2022-03-24,0.24914999999999998
2022-03-25,0.5423
2022-03-27,0.5423
2022-03-28,0.4019
2022-03-29,0.0
2022-03-30,0.28595
2022-03-31,0.3818
2022-04-01,0.21075
2022-04-02,0.1909
2022-04-03,0.0
2022-04-04,0.25
2022-04-05,-0.06545000000000001
2022-04-06,0.41000000000000003
2022-04-07,0.4404
2022-04-08,0.5207499999999999
2022-04-09,0.49365000000000003
2022-04-10,0.5152
2022-04-11,0.0
2022-04-12,0.0
2022-04-13,0.296
2022-04-14,0.0
2022-04-15,0.4767
2022-04-16,0.6259
2022-04-18,0.5395
2022-04-19,0.0386
2022-04-20,0.2023
2022-04-21,0.0
2022-04-22,0.296
2022-04-23,0.296
2022-04-24,0.18769999999999998
2022-04-25,0.0
2022-04-26,0.0
2022-04-27,0.0
2022-04-28,0.54125
2022-04-29,0.12219999999999999
2022-04-30,0.34
2022-05-01,0.7917000000000001
2022-05-02,0.5423
2022-05-03,0.6597
2022-05-04,0.5326500000000001
2022-05-05,0.0
2022-05-06,0.08399999999999999
2022-05-07,0.0
2022-05-08,0.4404
2022-05-09,0.0772
2022-05-10,0.0
2022-05-11,0.0
2022-05-12,0.1027
2022-05-13,-0.0772
2022-05-14,0.8591
2022-05-16,0.0
2022-05-17,0.4111
2022-05-18,0.296
2022-05-19,0.29375
2022-05-20,0.1806
2022-05-21,0.3612
2022-05-22,-0.4215
2022-05-23,0.0
2022-05-24,0.0
2022-05-25,0.064
2022-05-26,0.1655
2022-05-27,0.318
2022-05-28,0.15295
2022-05-29,0.6705
2022-05-30,0.4767
2022-05-31,0.5328999999999999
2022-06-01,0.0
2022-06-02,0.0129
2022-06-03,0.1255
2022-06-04,0.0
2022-06-05,0.0
2022-06-06,0.6808
2022-06-07,0.37985
2022-06-08,0.31245
2022-06-09,0.27985
2022-06-10,0.2553
2022-06-11,0.21075
2022-06-13,0.2023
2022-06-14,0.33155
2022-06-15,0.6369
2022-06-16,0.0
2022-06-17,0.043149999999999966
2022-06-19,0.5719
2022-06-21,0.46775
2022-06-22,0.296
2022-06-23,0.37929999999999997
2022-06-24,0.2263
2022-06-25,0.4767
2022-06-26,0.3818
2022-06-27,0.1591
2022-06-28,0.4728
2022-06-29,0.3477
2022-06-30,0.5106
2022-07-01,-0.0772
2022-07-03,-0.28595
2022-07-04,0.2263
2022-07-05,0.1531
2022-07-06,0.1806
2022-07-07,0.3309
2022-07-08,0.0
2022-07-09,0.0
2022-07-10,0.6249
2022-07-11,0.2294
2022-07-12,-0.06265
2022-07-13,0.1591
2022-07-14,0.0
2022-07-15,0.2732
2022-07-16,-0.3818
2022-07-17,0.4404
2022-07-18,0.296
2022-07-19,0.48355
2022-07-20,-0.1531
2022-07-21,0.4019
2022-07-22,0.1462
2022-07-23,0.3243
2022-07-24,0.0
2022-07-25,0.0
2022-07-26,0.7906
2022-07-27,0.0
2022-07-28,0.41105
2022-07-30,0.4767
2022-08-01,0.6124
2022-08-02,0.5264500000000001
2022-08-03,0.4404
2022-08-04,0.0
2022-08-05,0.32985
2022-08-07,0.6429
2022-08-08,0.0
2022-08-09,0.0
2022-08-10,-0.3182
2022-08-11,0.5106
2022-08-12,0.61865
2022-08-13,0.0
2022-08-14,0.0
2022-08-15,0.0
2022-08-16,0.31845
2022-08-17,0.0
2022-08-18,0.5267
2022-08-19,0.0
2022-08-20,0.1909
2022-08-21,0.0
2022-08-22,0.0
2022-08-23,0.0
2022-08-24,0.296
2022-08-25,0.0
2022-08-26,0.1366
2022-08-27,0.34665
2022-08-28,0.4019
2022-08-29,0.10115
2022-08-30,0.0
2022-08-31,-0.05135
2022-09-01,0.0516
2022-09-02,0.0516
2022-09-03,0.1027
2022-09-04,0.0
2022-09-05,0.4404
2022-09-06,0.2263
2022-09-07,0.0258
2022-09-08,0.1495
2022-09-09,0.0
2022-09-10,0.37929999999999997
2022-09-11,0.7269
2022-09-12,0.38634999999999997
2022-09-13,0.2732
2022-09-14,0.29500000000000004
2022-09-15,0.5106
2022-09-16,0.5859
2022-09-17,-0.2553
2022-09-18,0.1909
2022-09-19,0.0
2022-09-20,0.44015
2022-09-21,0.3415
2022-09-22,0.38075000000000003
2022-09-23,0.07655
2022-09-24,0.3818
2022-09-25,-0.38915
2022-09-26,0.30555
2022-09-27,0.4215
2022-09-28,0.49365000000000003
2022-09-29,0.0
2022-09-30,0.0
2022-10-02,0.6184000000000001
2022-10-03,0.0
2022-10-04,0.0386
2022-10-05,0.42245
2022-10-06,0.5264
2022-10-07,-0.0258
2022-10-08,-0.34
2022-10-09,0.4015
2022-10-10,0.05135
2022-10-11,0.0
2022-10-12,0.0
2022-10-13,0.23835
2022-10-14,-0.6996
2022-10-15,-0.148
2022-10-16,0.3592
2022-10-17,0.6939
2022-10-18,0.3182
2022-10-19,0.3021
2022-10-20,0.4847
2022-10-21,0.0
2022-10-22,-0.13695
2022-10-23,0.0258
2022-10-25,0.0
2022-10-26,0.0
2022-10-27,0.0772
2022-10-28,0.6124
2022-10-30,0.7783
2022-10-31,0.0129
2022-11-01,-0.44555
2022-11-02,0.25
2022-11-03,0.5106
2022-11-04,-0.1779
2022-11-05,0.3182
2022-11-06,0.8099
2022-11-07,-0.5423
2022-11-08,0.0
2022-11-09,0.0
2022-11-10,0.0
2022-11-11,0.0772
2022-11-13,0.2023
2022-11-14,-0.0516
2022-11-15,0.0
2022-11-16,0.296
2022-11-17,0.273
2022-11-18,0.2202
2022-11-19,0.0
2022-11-20,0.0
2022-11-21,0.318
2022-11-22,0.4019
2022-11-23,0.43590000000000007
2022-11-24,0.1591
2022-11-25,0.0
2022-11-26,0.4404
2022-11-27,0.23775000000000002
2022-11-28,-0.24695
2022-11-29,0.5719
2022-11-30,0.4588
2022-12-01,0.51435
2022-12-02,0.1636
2022-12-03,0.2732
2022-12-04,0.3818
2022-12-05,0.3818
2022-12-06,0.25
2022-12-07,0.1909
2022-12-08,0.35015
2022-12-09,0.0
2022-12-12,0.25880000000000003
2022-12-13,0.24695
2022-12-14,0.36819999999999997
2022-12-15,0.0
2022-12-16,0.0
2022-12-17,0.0
2022-12-18,0.3431
2022-12-19,-0.34
2022-12-20,0.1531
2022-12-21,0.366
2022-12-22,-0.25
2022-12-23,0.0
2022-12-25,0.1366
2022-12-26,0.0
2022-12-27,-0.1029
2022-12-28,0.1754
2022-12-29,-0.7351
2022-12-30,0.05165
2022-12-31,0.4404
2023-01-01,0.23835
2023-01-02,0.0
2023-01-03,0.0386
2023-01-04,0.125
2023-01-05,0.47685
2023-01-06,0.0
2023-01-07,0.3818
2023-01-08,0.36755
2023-01-09,0.24225
2023-01-10,0.148
2023-01-11,0.43394999999999995
2023-01-12,0.25229999999999997
2023-01-13,0.0
2023-01-14,0.5423
2023-01-15,0.2202
2023-01-16,0.5139
2023-01-17,0.4019
2023-01-18,-0.2263
2023-01-19,0.2732
2023-01-20,0.26115
2023-01-21,-0.128
2023-01-22,0.6486
2023-01-23,0.296
2023-01-24,0.4215
2023-01-25,0.0
2023-01-26,0.4491
2023-01-27,0.02030000000000004
2023-01-29,0.3982
2023-01-30,0.0
2023-01-31,0.2023
2023-02-01,0.4404
2023-02-02,0.27849999999999997
2023-02-03,0.5812
2023-02-04,0.44155
2023-02-05,-0.3612
2023-02-06,0.296
2023-02-07,0.836
2023-02-08,0.04879999999999998
2023-02-09,0.3452
2023-02-10,0.3818
2023-02-12,-0.0772
2023-02-13,0.6249
2023-02-14,0.064
2023-02-15,0.56465
2023-02-16,0.0
2023-02-17,0.37649999999999995
2023-02-18,0.0
2023-02-19,0.5232
2023-02-20,-0.032299999999999995
2023-02-21,0.4588
2023-02-22,0.296
2023-02-23,0.296
2023-02-24,0.4404
2023-02-26,0.296
2023-02-27,0.25
2023-02-28,0.4767
2023-03-01,0.16515000000000002
2023-03-02,0.4215
2023-03-03,0.0
2023-03-04,0.5267
2023-03-05,0.29675
2023-03-06,0.7964
2023-03-07,0.3818
2023-03-08,0.8243
2023-03-09,0.6597
2023-03-10,0.26115
2023-03-12,0.8885
2023-03-13,0.6815
2023-03-14,0.3818
2023-03-15,0.49135
2023-03-16,0.4767
2023-03-17,0.46775
2023-03-18,0.44425
2023-03-19,0.2023
2023-03-20,0.296
2023-03-21,0.4767
2023-03-22,0.4215
2023-03-23,0.41895000000000004
2023-03-24,0.0
2023-03-25,0.37895
2023-03-26,0.296
2023-03-27,0.5106
2023-03-28,0.5971500000000001
2023-03-29,0.5267
2023-03-30,0.6819
2023-03-31,0.6920999999999999
2023-04-01,0.6626000000000001
2023-04-02,0.50905
2023-04-03,0.4767
2023-04-04,0.19935
2023-04-05,0.56465
2023-04-06,0.5574
2023-04-07,0.42925
2023-04-08,0.8284
2023-04-09,0.4158
2023-04-10,0.6908
2023-04-11,0.6819
2023-04-12,0.3182
2023-04-13,0.5106
2023-04-14,0.4404
2023-04-15,0.886
2023-04-16,0.3691
2023-04-17,0.25
2023-04-18,0.6249
2023-04-19,0.5574
2023-04-20,0.6791
2023-04-21,0.15445
2023-04-22,0.27385
2023-04-23,0.1779
2023-04-24,0.25
2023-04-25,0.5264500000000001
2023-04-26,0.4939
2023-04-27,0.5574
2023-04-28,0.4019
2023-04-29,0.4215
2023-04-30,0.0072
2023-05-01,0.0386
2023-05-02,0.73265
2023-05-03,0.4588
2023-05-04,0.3612
2023-05-05,0.4767
2023-05-06,0.06275
2023-05-07,0.35015
2023-05-08,0.3843
2023-05-09,0.731
2023-05-10,0.6597
2023-05-11,0.3182
2023-05-12,0.4767
2023-05-13,0.0516
2023-05-14,0.25
2023-05-15,0.2263
2023-05-16,0.3612
2023-05-17,0.43590000000000007
2023-05-18,0.296
2023-05-19,0.3818
2023-05-20,0.0
2023-05-21,0.47685
2023-05-22,0.3291
2023-05-23,0.4939
2023-05-24,0.34895
2023-05-25,0.3071
2023-05-26,0.4767
2023-05-27,0.21075
2023-05-28,0.36985
2023-05-29,0.5017
2023-05-30,0.4215
2023-05-31,0.34
2023-06-01,0.5106
2023-06-02,0.3709
2023-06-03,0.10115
2023-06-04,0.38155
2023-06-05,0.49274999999999997
2023-06-06,0.72265
2023-06-07,0.3612
2023-06-08,0.65415
2023-06-09,0.37929999999999997
2023-06-10,0.1027
2023-06-11,0.74595
2023-06-12,0.57735
2023-06-13,0.296
2023-06-14,0.4939
2023-06-15,0.4588
2023-06-16,0.4767
2023-06-17,0.7845
2023-06-18,0.8163
2023-06-19,0.6309
2023-06-20,0.68065
2023-06-21,0.34
2023-06-22,0.4767
2023-06-23,0.25
2023-06-24,0.4767
2023-06-25,0.3389
2023-06-26,0.0
2023-06-27,0.26115
2023-06-28,0.25
2023-06-29,0.0386
2023-06-30,0.4404
2023-07-01,0.5106
2023-07-02,0.2263
2023-07-03,0.4404
2023-07-04,-0.235
2023-07-05,0.5267
2023-07-06,0.4215
2023-07-07,0.5267
2023-07-08,0.51695
2023-07-10,0.39495
2023-07-11,0.51535
2023-07-12,0.1866
2023-07-13,0.4853
2023-07-14,0.3182
2023-07-15,0.8885
2023-07-16,0.2202
2023-07-17,0.53805
2023-07-18,0.5423
2023-07-19,0.34985
2023-07-20,0.44394999999999996
2023-07-21,0.5264500000000001
2023-07-22,0.2723
2023-07-23,0.7269
2023-07-24,0.45420000000000005
2023-07-25,0.7003
2023-07-26,0.6808
2023-07-27,0.296
2023-07-28,0.17770000000000002
2023-07-29,0.2263
2023-07-30,0.0
2023-07-31,0.4767
2023-08-01,0.4491
2023-08-02,0.40605
2023-08-03,0.726
2023-08-04,0.4496
2023-08-05,0.6626000000000001
2023-08-06,0.785
2023-08-07,0.5719
2023-08-08,0.5994
2023-08-09,0.29235
2023-08-10,0.1779
2023-08-11,0.5267
2023-08-12,0.11315
2023-08-13,0.74095
2023-08-14,0.5199
2023-08-15,0.24975
2023-08-16,0.0
2023-08-17,0.08895
2023-08-18,0.7046
2023-08-19,-0.0139
2023-08-20,0.0
2023-08-21,0.296
2023-08-22,0.5264500000000001
2023-08-23,0.296
2023-08-24,0.43035
2023-08-25,0.4522
2023-08-26,0.2732
2023-08-27,0.39615
2023-08-28,0.34
2023-08-29,0.3818
2023-08-30,0.42925
2023-08-31,0.4404
2023-09-01,0.0516
2023-09-02,0.41355
2023-09-03,0.0
2023-09-04,0.2263
2023-09-05,0.2075
2023-09-06,0.0
2023-09-07,0.77995
2023-09-08,0.1877
2023-09-09,0.2732
2023-09-10,0.6669
2023-09-11,0.6124
2023-09-12,0.5267
2023-09-13,0.5267
2023-09-14,0.41895000000000004
2023-09-15,0.6124
2023-09-16,0.2997
2023-09-17,0.56955
2023-09-18,0.38849999999999996
2023-09-19,0.5106
2023-09-20,0.4714
2023-09-21,0.4767
2023-09-22,0.3141
2023-09-23,0.31930000000000003
2023-09-24,0.6597
2023-09-25,0.5574
2023-09-26,0.4767
2023-09-27,0.4273
2023-09-28,0.2732
2023-09-29,0.28459999999999996
2023-09-30,0.48324999999999996
2023-10-01,0.3818
2023-10-02,0.51705
2023-10-03,0.0
2023-10-04,0.59215
2023-10-05,0.60175
2023-10-06,0.45625000000000004
2023-10-07,0.0
2023-10-08,0.35695
2023-10-09,0.2023
2023-10-10,0.0
2023-10-11,0.3182
2023-10-12,0.3066
2023-10-13,0.6249
2023-10-14,0.5574
2023-10-15,0.765
2023-10-16,0.3612
2023-10-17,0.17635
2023-10-18,0.4215
2023-10-19,0.0
2023-10-20,0.6686000000000001
2023-10-22,0.45855
2023-10-23,0.1495
2023-10-24,0.2732
2023-10-25,0.0258
2023-10-26,0.35105000000000003
2023-10-27,0.64095
2023-10-29,0.5457
2023-10-30,0.3056
2023-10-31,0.17770000000000002
2023-11-01,0.21075
2023-11-02,0.18409999999999999
2023-11-03,0.296
2023-11-04,0.7783
2023-11-05,-0.2732
2023-11-06,0.4767
2023-11-07,0.5017
2023-11-08,0.6908
2023-11-09,0.41375
2023-11-10,0.34
2023-11-11,0.0
2023-11-12,0.22895
2023-11-13,0.296
2023-11-14,0.5106
2023-11-15,0.5574
2023-11-16,0.22455
2023-11-17,0.46775
2023-11-18,0.6007
2023-11-19,0.5789
2023-11-20,0.46429999999999993
2023-11-21,0.296
2023-11-22,0.3818
2023-11-23,0.5574
2023-11-24,0.12525
2023-11-25,0.44785
2023-11-26,0.4019
2023-11-27,0.3506
2023-11-28,0.5859
2023-11-29,0.296
2023-11-30,0.45855
2023-12-01,0.5563
2023-12-02,0.3953
2023-12-03,0.61155
2023-12-04,0.3182
2023-12-05,0.6799999999999999
2023-12-06,0.22615000000000002
2023-12-07,0.6808
2023-12-08,0.5574
2023-12-09,0.0
2023-12-10,0.2331
2023-12-11,0.5423
2023-12-12,0.42625
2023-12-13,0.5420499999999999
2023-12-14,0.2263
2023-12-15,0.44620000000000004
2023-12-16,0.4696
2023-12-17,0.6812499999999999
2023-12-18,0.5106
2023-12-19,0.6705
2023-12-20,0.5106
2023-12-21,0.5641
2023-12-22,0.5423
2023-12-23,0.5859
2023-12-24,0.6890499999999999
2023-12-25,0.81725
2023-12-26,0.69055
2023-12-27,0.534
2023-12-28,0.55315
2023-12-29,0.4767
2023-12-30,0.6249
2023-12-31,0.7783
2024-01-01,0.521
2024-01-02,0.296
2024-01-03,0.5267
2024-01-04,0.3387
2024-01-05,0.72265
2024-01-06,0.64775
2024-01-07,0.0
2024-01-08,0.5106
2024-01-09,0.5849
2024-01-10,0.5267
2024-01-11,0.5328999999999999
2024-01-12,0.296
2024-01-13,0.65415
2024-01-14,0.47785
2024-01-15,0.6486
2024-01-16,0.6705
2024-01-17,0.0772
2024-01-18,0.8271
2024-01-19,0.5859
2024-01-20,0.7717
2024-01-21,0.4496
2024-01-22,0.5264500000000001
2024-01-23,0.47355
2024-01-24,0.67565
2024-01-25,0.4939
2024-01-26,0.7351
2024-01-27,0.50335
2024-01-28,0.3182
2024-01-29,0.2732
2024-01-30,0.6064
2024-01-31,0.3269
2024-02-01,0.4582
2024-02-02,0.41000000000000003
2024-02-04,0.5994
2024-02-05,0.5267
2024-02-06,0.5267
2024-02-07,0.61215
2024-02-08,0.5267
2024-02-09,0.4215
2024-02-10,0.7015
2024-02-11,0.56775
2024-02-12,0.39185
2024-02-13,0.3612
2024-02-14,0.5859
2024-02-15,0.534
2024-02-16,0.296
2024-02-17,0.4215
2024-02-18,0.3568
2024-02-19,0.5106
2024-02-20,0.25
2024-02-21,0.296
2024-02-22,0.3071
2024-02-23,0.43095
2024-02-24,0.296
2024-02-25,0.4019
2024-02-26,0.5570999999999999
2024-02-27,0.46715
2024-02-28,0.4767
2024-02-29,0.3612
2024-03-01,0.41169999999999995
2024-03-02,0.61215
2024-03-03,0.765
2024-03-04,0.5994
2024-03-05,0.4491
2024-03-06,0.0
2024-03-07,0.4404
2024-03-08,0.4404
2024-03-09,0.5859
2024-03-10,0.49770000000000003
2024-03-11,0.45855
2024-03-12,0.4588
2024-03-13,0.4767
2024-03-14,0.4303
2024-03-15,0.39495
2024-03-16,0.4767
2024-03-17,0.3832
2024-03-18,0.4767
2024-03-19,0.4404
2024-03-20,0.296
2024-03-21,0.58565
2024-03-22,0.5859
2024-03-23,0.6486
2024-03-24,0.3182
2024-03-25,0.5859
2024-03-26,0.5508
2024-03-27,0.41169999999999995
2024-03-28,0.4767
2024-03-29,0.59265
2024-03-30,0.5574
2024-03-31,0.7351
2024-04-01,0.64635
2024-04-02,0.6486
2024-04-03,0.0772
2024-04-04,0.5267
2024-04-05,0.6588499999999999
2024-04-06,0.4767
2024-04-07,0.5563
2024-04-08,0.46775
2024-04-09,0.0
2024-04-10,0.3182
2024-04-11,0.3818
2024-04-12,0.296
2024-04-13,0.46775
2024-04-14,0.46775
2024-04-15,0.68065
2024-04-16,0.5574
2024-04-17,0.5574
2024-04-18,0.5849
2024-04-19,0.5563
2024-04-20,0.4215
2024-04-21,0.3818
2024-04-22,0.0772
2024-04-23,0.5017
2024-04-24,0.4767
2024-04-25,0.3612
2024-04-26,0.4111
2024-04-27,0.5194
